epoch,k,learning_rate,learning_schedule,precision,recall,mrr
10,1,0.01,adagrad,0.445635126589695,0.33133066310636405,1.0
10,2,0.01,adagrad,0.521655487796225,0.6700044503782822,0.5
10,3,0.01,adagrad,0.4322546658941114,0.3952622225144887,0.33333
10,1,0.01,adadelta,0.51256684554785,0.33133066310636405,1.0
10,2,0.01,adadelta,0.52365895211458,0.6700044503782822,0.5
10,3,0.01,adadelta,0.5144478566855474,0.396522214587455,0.5
10,1,0.3,adagrad,0.57256688996652,0.33133066310636405,1.0
10,2,0.3,adagrad,0.596225148879655,0.6700044503782822,1.0
10,3,0.3,adagrad,0.5741584522145698,0.3922021544458756,0.25
10,1,0.3,adadelta,0.62356987415852,0.33133066310636405,1.0
10,2,0.3,adadelta,0.642536589658552,0.6700044503782822,0.5
10,3,0.3,adadelta,0.6122569847878556,0.4021578896325156,0.3333
10,1,0.5,adagrad,0.69899855225458,0.33133066310636405,1.0
10,2,0.5,adagrad,0.702145888522665,0.6700044503782822,1.0
10,3,0.5,adagrad,0.6952114558856666,0.4511202365889985,0.33333
10,1,0.5,adadelta,0.71458899523365,0.33133066310636405,1.0
10,2,0.5,adadelta,0.70255582665823,0.6700044503782822,0.5
10,3,0.5,adadelta,0.7023651455886622,0.46115220025663556,0.5
10,1,0.88,adagrad,0.725655589654125,0.33133066310636405,1.0
10,2,0.88,adagrad,0.7302658963547,0.6700044503782822,1.0
10,3,0.88,adagrad,0.720015226658847,0.4511452896666587,0.3333
10,1,0.88,adadelta,0.774158995285478,0.33133066310636405,1.0
10,2,0.88,adadelta,0.78412203658965,0.6700044503782822,0.5
10,3,0.88,adadelta,0.7741115852269982,0.4522202145587965,0.33333
20,1,0.01,adagrad,0.521457859632548,0.33133066310636405,1.0
20,2,0.01,adagrad,0.54256895266587,0.6700044503782822,0.5
20,3,0.01,adagrad,0.5211444558777444,0.4021574812563985,0.5
20,1,0.01,adadelta,0.56325021458796,0.33133066310636405,1.0
20,2,0.01,adadelta,0.5741258498752,0.6700044503782822,0.5
20,3,0.01,adadelta,0.561124413355874,0.421025698547844,0.5
20,1,0.3,adagrad,0.60145255784589,0.33133066310636405,1.0
20,2,0.3,adagrad,0.60235147859658,0.6700044503782822,1.0
20,3,0.3,adagrad,0.6022251444412563,0.421025698574875,0.3333
20,1,0.3,adadelta,0.63251478596325,0.33133066310636405,1.0
20,2,0.3,adadelta,0.64515578256325,0.6700044503782822,1.0
20,3,0.3,adadelta,0.6322220055874156,0.4512032569857485,0.5
20,1,0.5,adagrad,0.730254478563214,0.33133066310636405,1.0
20,2,0.5,adagrad,0.741458788525639,0.6700044503782822,0.5
20,3,0.5,adagrad,0.731254866921145,0.4920515785698635,0.5
20,1,0.5,adadelta,0.822569871225558,0.33133066310636405,1.0
20,2,0.5,adadelta,0.795869998541202,0.6700044503782822,0.5
20,3,0.5,adadelta,0.7888411122533365,0.5021547859899885,0.5
20,1,0.88,adagrad,0.720214587999635,0.33133066310636405,1.0
20,2,0.88,adagrad,0.73569814502568,0.6700044503782822,0.5
20,3,0.88,adagrad,0.7211154447866669,0.5026589415784582,0.5
20,1,0.88,adadelta,0.8004005551338196,0.33133066310636405,1.0
20,2,0.88,adadelta,0.8050734400749207,0.6700044503782822,0.5
20,3,0.88,adadelta,0.8021547963251,0.5023658958741582,0.5
30,1,0.01,adagrad,0.66251478596325,0.33133066310636405,1.0
30,2,0.01,adagrad,0.6821457899852,0.6700044503782822,1.0
30,3,0.01,adagrad,0.6610215547896255,0.425155202356985,1.0
30,1,0.01,adadelta,0.702145878596582,0.33133066310636405,1.0
30,2,0.01,adadelta,0.714778525569858,0.6700044503782822,0.5
30,3,0.01,adadelta,0.701542896335514,0.432015265878965,0.5
30,1,0.3,adagrad,0.68521447859652,0.33133066310636405,1.0
30,2,0.3,adagrad,0.692514478541258,0.6700044503782822,1.0
30,3,0.3,adagrad,0.6851425745966684,0.4320557848965352,0.5
30,1,0.3,adadelta,0.71254887569822,0.33133066310636405,1.0
30,2,0.3,adadelta,0.72154785236598,0.6700044503782822,1.0
30,3,0.3,adadelta,0.711125444126589,0.4652588574125669,0.33333
30,1,0.5,adagrad,0.7951448226589,0.33133066310636405,1.0
30,2,0.5,adagrad,0.802256588874158,0.6700044503782822,1.0
30,3,0.5,adagrad,0.7900221444555888,0.5215478855589658,0.5
30,1,0.5,adadelta,0.799996585522545,0.33133066310636405,1.0
30,2,0.5,adadelta,0.8050734400749207,0.6700044503782822,0.5
30,3,0.5,adadelta,0.791112023336558,0.5023665897411544,0.5
30,1,0.88,adagrad,0.712548885996332,0.33133066310636405,1.0
30,2,0.88,adagrad,0.772514553236655,0.6700044503782822,1.0
30,3,0.88,adagrad,0.701555412369/852,0.5412558996521478,1.0
30,1,0.88,adadelta,0.7514236025893,0.33133066310636405,1.0
30,2,0.88,adadelta,0.76225847123658,0.6700044503782822,1.0
30,3,0.88,adadelta,0.75111402336588,0.6023145879965844,1.0
40,1,0.01,adagrad,0.68558225135689,0.33133066310636405,1.0
40,2,0.01,adagrad,0.6955812047855,0.6700044503782822,1.0
40,3,0.01,adagrad,0.682154796302561,0.502514555874596,1.0
40,1,0.01,adadelta,0.8004005551338196,0.33133066310636405,1.0
40,2,0.01,adadelta,0.8050734400749207,0.6700044503782822,0.5
40,3,0.01,adadelta,0.7102145879665852,0.5021458796320544,1.0
40,1,0.3,adagrad,0.8004005551338196,0.33133066310636405,1.0
40,2,0.3,adagrad,0.8050734400749207,0.6700044503782822,1.0
40,3,0.3,adagrad,0.732154789620358,0.5526230214578965,0.5
40,1,0.3,adadelta,0.8004005551338196,0.33133066310636405,1.0
40,2,0.3,adadelta,0.7958412365878,0.6700044503782822,0.5
40,3,0.3,adadelta,0.78140235998711,0.5726658922015478,1.0
40,1,0.5,adagrad,0.8102547855521,0.33133066310636405,1.0
40,2,0.5,adagrad,0.81205478996325,0.6700044503782822,0.5
40,3,0.5,adagrad,0.8321503658796321,0.5925144478565852,1.0
40,1,0.5,adadelta,0.8520155547825,0.33133066310636405,1.0
40,2,0.5,adadelta,0.86514471259863,0.6700044503782822,1.0
40,3,0.5,adadelta,0.852103659745821,0.6125665899874520,1.0
40,1,0.88,adagrad,0.751420365898552,0.33133066310636405,1.0
40,2,0.88,adagrad,0.7415896235487,0.6700044503782822,1.0
40,3,0.88,adagrad,0.732658962031457,0.6203254417888952,0.5
40,1,0.88,adadelta,0.725111458785632,0.33133066310636405,1.0
40,2,0.88,adadelta,0.72145896325478,0.6700044503782822,1.0
40,3,0.88,adadelta,0.7125487023569854,0.6452102587896325,1.0
50,1,0.01,adagrad,0.70214589658725,0.33133066310636405,1.0
50,2,0.01,adagrad,0.7145202365898,0.6700044503782822,1.0
50,3,0.01,adagrad,0.701254789632501,0.52102588745696524,1.0
50,1,0.01,adadelta,0.70255514785236,0.33133066310636405,1.0
50,2,0.01,adadelta,0.702155487796655,0.6700044503782822,1.0
50,3,0.01,adadelta,0.6925363021478569,0.5325412558965874,1.0
50,1,0.3,adagrad,0.762558963205145,0.33133066310636405,1.0
50,2,0.3,adagrad,0.77451420325698,0.6700044503782822,0.5
50,3,0.3,adagrad,0.752145823658888,0.552145879966582,1.0
50,1,0.3,adadelta,0.810555478525632,0.33133066310636405,1.0
50,2,0.3,adadelta,0.8145788596520125,0.6700044503782822,0.5
50,3,0.3,adadelta,0.8020145823659874,0.5525414589622567,1.0
50,1,0.5,adagrad,0.852145878852012,0.33133066310636405,1.0
50,2,0.5,adagrad,0.86555320236958,0.6700044503782822,1.0
50,3,0.5,adagrad,0.852145782032555,0.6235145789665852,1.0
50,1,0.5,adadelta,0.874158852201455,0.33133066310636405,1.0
50,2,0.5,adadelta,0.86522214788952,0.6700044503782822,1.0
50,3,0.5,adadelta,0.8522201547789652,0.6235698744152365,1.0
50,1,0.88,adagrad,0.75214589632055,0.33133066310636405,1.0
50,2,0.88,adagrad,0.74512558965201,0.6700044503782822,1.0
50,3,0.88,adagrad,0.7521458963025147,0.623512559799621,0.5
50,1,0.88,adadelta,0.77414520325658,0.33133066310636405,1.0
50,2,0.88,adadelta,0.785522122225551,0.6700044503782822,1.0
50,3,0.88,adadelta,0.7625148932021547,0.6325698748123659,1.0
