Configuration,Reward,Steps,Entropy,MSE,Time,Convergence,Conv Reward
Config 1,10,4.56,12.02,1.88,568,10,10
Config 2,10,4.07,11.75,6.16,216,12,10
Config 3,8.05,20.81,13.00,0.18,2256,200,8.05
Config 4,7.10,20.59,13.26,0.56,320,200,7.10
Config 5,10,4.67,12.00,3.51,2264,10,10
Config 6,8.06,20.87,13.81,0.31,125,200,8.06
Config 7,8.1,20.51,13.80,0.47,123,200,8.10
Config 8,5.21,21,14.29,0.06,1987,200,5.21
Config 9,9.84,5.9,6.48,2.27,2613,42,9.26
Config 10,7.64,11.84,9.44,0.34,4921,100,5.25
Config 11,8.02,20.64,10.99,0.49,11422,200,8.02
Config 12,10,4.04,8.63,0.06,217,10,10
Config 13,9.94,4.96,10.12,0.77,1661,16,9.25
Config 14,8.95,8.57,10.72,0.19,376,51,5.00
Config 15,9.94,4.26,8.953,0.19,239,12,9.00
Config 16,9.08,6.32,9.85,0.11,2086,30,3.63